{
  "timestamp": "2026-01-09T14:19:43.411235",
  "total_cases": 8449,
  "updated_count": 1471,
  "remaining_no_sources": 1811,
  "sources_rate": 78.56551071132678,
  "status": "IN_PROGRESS"
}