{
  "basic_properties": {
    "num_nodes": 64,
    "num_edges": 192,
    "diameter": 6,
    "average_shortest_path": 3.047619,
    "clustering_coefficient": 0.0,
    "is_connected": true
  },
  "degree_distribution": {
    "min_degree": 6,
    "max_degree": 6,
    "mean_degree": 6.0,
    "is_regular": true,
    "degree_histogram": {
      "6": 64
    }
  },
  "community_structure": {
    "method": "Louvain",
    "num_communities": 5,
    "modularity": 0.374837,
    "communities": {
      "0": [
        1,
        6,
        10,
        14,
        32,
        34,
        38,
        40,
        43,
        47,
        50,
        54,
        58,
        64
      ],
      "1": [
        2,
        7,
        8,
        15,
        16,
        28,
        29,
        31,
        39,
        45,
        46,
        48,
        62
      ],
      "2": [
        3,
        17,
        24,
        36,
        49,
        51,
        55,
        63
      ],
      "3": [
        4,
        5,
        9,
        11,
        18,
        19,
        26,
        41,
        44,
        57,
        59,
        60,
        61
      ],
      "4": [
        12,
        13,
        20,
        21,
        22,
        23,
        25,
        27,
        30,
        33,
        35,
        37,
        42,
        52,
        53,
        56
      ]
    }
  },
  "spectral_properties": {
    "eigenvalues": [
      6.0,
      4.0,
      4.0,
      4.0,
      4.0,
      4.0,
      4.0,
      2.0,
      2.0,
      2.0,
      2.0,
      2.0,
      2.0,
      2.0,
      2.0,
      2.0,
      2.0,
      2.0,
      2.0,
      2.0,
      2.0,
      2.0,
      0.0,
      0.0,
      0.0,
      0.0,
      0.0,
      0.0,
      0.0,
      0.0,
      0.0,
      -0.0,
      -0.0,
      -0.0,
      -0.0,
      -0.0,
      -0.0,
      -0.0,
      -0.0,
      -0.0,
      -0.0,
      -0.0,
      -2.0,
      -2.0,
      -2.0,
      -2.0,
      -2.0,
      -2.0,
      -2.0,
      -2.0,
      -2.0,
      -2.0,
      -2.0,
      -2.0,
      -2.0,
      -2.0,
      -2.0,
      -4.0,
      -4.0,
      -4.0,
      -4.0,
      -4.0,
      -4.0,
      -6.0
    ],
    "spectral_gap": 2.0,
    "largest_eigenvalue": 6.0,
    "smallest_eigenvalue": -6.0
  },
  "structural_relations": {
    "cuogua_pairs_count": 32,
    "cuogua_pairs": [
      [
        1,
        2
      ],
      [
        3,
        50
      ],
      [
        4,
        49
      ],
      [
        5,
        35
      ],
      [
        6,
        36
      ],
      [
        7,
        13
      ],
      [
        8,
        14
      ],
      [
        9,
        16
      ],
      [
        10,
        15
      ],
      [
        11,
        12
      ],
      [
        17,
        18
      ],
      [
        19,
        33
      ],
      [
        20,
        34
      ],
      [
        21,
        48
      ],
      [
        22,
        47
      ],
      [
        23,
        43
      ],
      [
        24,
        44
      ],
      [
        25,
        46
      ],
      [
        26,
        45
      ],
      [
        27,
        28
      ],
      [
        29,
        30
      ],
      [
        31,
        41
      ],
      [
        32,
        42
      ],
      [
        37,
        40
      ],
      [
        38,
        39
      ],
      [
        51,
        57
      ],
      [
        52,
        58
      ],
      [
        53,
        54
      ],
      [
        55,
        59
      ],
      [
        56,
        60
      ],
      [
        61,
        62
      ],
      [
        63,
        64
      ]
    ],
    "zonggua_pairs_count": 28,
    "zonggua_self_count": 8,
    "zonggua_self_hexagrams": [
      1,
      2,
      27,
      28,
      29,
      30,
      61,
      62
    ],
    "zonggua_pairs": [
      [
        3,
        4
      ],
      [
        5,
        6
      ],
      [
        7,
        8
      ],
      [
        9,
        10
      ],
      [
        11,
        12
      ],
      [
        13,
        14
      ],
      [
        15,
        16
      ],
      [
        17,
        18
      ],
      [
        19,
        20
      ],
      [
        21,
        22
      ],
      [
        23,
        24
      ],
      [
        25,
        26
      ],
      [
        31,
        32
      ],
      [
        33,
        34
      ],
      [
        35,
        36
      ],
      [
        37,
        38
      ],
      [
        39,
        40
      ],
      [
        41,
        42
      ],
      [
        43,
        44
      ],
      [
        45,
        46
      ],
      [
        47,
        48
      ],
      [
        49,
        50
      ],
      [
        51,
        52
      ],
      [
        53,
        54
      ],
      [
        55,
        56
      ],
      [
        57,
        58
      ],
      [
        59,
        60
      ],
      [
        63,
        64
      ]
    ],
    "hugua_mapping": {
      "1": 1,
      "2": 2,
      "3": 23,
      "4": 24,
      "5": 38,
      "6": 37,
      "7": 24,
      "8": 23,
      "9": 38,
      "10": 37,
      "11": 54,
      "12": 53,
      "13": 44,
      "14": 43,
      "15": 40,
      "16": 39,
      "17": 53,
      "18": 54,
      "19": 24,
      "20": 23,
      "21": 39,
      "22": 40,
      "23": 2,
      "24": 2,
      "25": 53,
      "26": 54,
      "27": 2,
      "28": 1,
      "29": 27,
      "30": 28,
      "31": 44,
      "32": 43,
      "33": 44,
      "34": 43,
      "35": 39,
      "36": 40,
      "37": 64,
      "38": 63,
      "39": 64,
      "40": 63,
      "41": 24,
      "42": 23,
      "43": 1,
      "44": 1,
      "45": 53,
      "46": 54,
      "47": 37,
      "48": 38,
      "49": 44,
      "50": 43,
      "51": 39,
      "52": 40,
      "53": 64,
      "54": 63,
      "55": 28,
      "56": 28,
      "57": 38,
      "58": 37,
      "59": 27,
      "60": 27,
      "61": 27,
      "62": 28,
      "63": 64,
      "64": 63
    }
  }
}