{
  "n_analyzed": 13060,
  "n_dropped": 0,
  "n_components_computed": 30,
  "total_categories_J": 88,
  "n_variables_K": 7,
  "eigenvalues": [
    0.5975594700419479,
    0.5099884173284752,
    0.44310855418956846,
    0.39335527455877056,
    0.3340699675399033,
    0.3052906199608535,
    0.28728243671825443,
    0.2830546534187018,
    0.26191205765464953,
    0.25164190649180684,
    0.23882091430800936,
    0.22711718943303308,
    0.2215134946597213,
    0.2132261410447927,
    0.21175283489728744,
    0.1912808206761133,
    0.18540521573576318,
    0.1778884817110018,
    0.17022606672623247,
    0.16790024283206204,
    0.16403270081153565,
    0.15748554169011722,
    0.15695817253056615,
    0.15274240017185042,
    0.15032009766550997,
    0.14801671804673844,
    0.14602477876943765,
    0.14432130015637046,
    0.14390177120525688,
    0.1428836619819318
  ],
  "explained_inertia_pct": [
    5.164094185547675,
    4.407307310246064,
    3.829333184354279,
    3.3993665702609657,
    2.8870244108386585,
    2.6383139996616856,
    2.4826877247256447,
    2.4461513258406224,
    2.263437535287085,
    2.1746831425217783,
    2.063884444637109,
    1.9627411432484256,
    1.9143141513802995,
    1.842695046066102,
    1.8299627707172912,
    1.6530441292997375,
    1.6022672964818971,
    1.5373078666382807,
    1.4710894655353361,
    1.4509897528696658,
    1.4175665502231416,
    1.3609861627540936,
    1.356428651498714,
    1.3199960508678374,
    1.2990625724179818,
    1.2791568226261292,
    1.2619425325753817,
    1.2472211124624555,
    1.2435955536256715,
    1.2347970788561955
  ],
  "cumulative_inertia_pct": [
    5.164094185547675,
    9.57140149579374,
    13.40073468014802,
    16.800101250408986,
    19.687125661247645,
    22.325439660909332,
    24.808127385634975,
    27.2542787114756,
    29.517716246762685,
    31.692399389284464,
    33.75628383392157,
    35.719024977169994,
    37.63333912855029,
    39.476034174616395,
    41.30599694533369,
    42.959041074633426,
    44.561308371115324,
    46.0986162377536,
    47.56970570328894,
    49.020695456158606,
    50.43826200638175,
    51.79924816913584,
    53.15567682063456,
    54.4756728715024,
    55.77473544392038,
    57.053892266546505,
    58.31583479912189,
    59.56305591158434,
    60.80665146521002,
    62.04144854406621
  ],
  "total_inertia": 11.571428571428621,
  "total_inertia_formula": "J/K - 1 = 88/7 - 1 = 11.5714",
  "mca_columns": [
    "before_state",
    "trigger_type",
    "action_type",
    "after_state",
    "pattern_type",
    "outcome",
    "scale"
  ],
  "recommended_dimensions": 5,
  "benzecri_corrected_pct": [
    31.141613751942536,
    20.30156527421414,
    13.578658777621659,
    9.451391262479614,
    5.507072503593462,
    3.9740913164632414,
    3.141761979462708,
    2.9605156699498765,
    2.134919072649652,
    1.7824727733242742,
    1.387079570980533,
    1.0693753023517223,
    0.9318679144672447,
    0.7458465692447137,
    0.7149421363595552,
    0.35318504247025284,
    0.2726757704247036,
    0.18484181811816838,
    0.11282418448139925,
    0.09446326112295636
  ],
  "benzecri_cumulative_pct": [
    31.141613751942536,
    51.44317902615668,
    65.02183780377834,
    74.47322906625796,
    79.98030156985142,
    83.95439288631466,
    87.09615486577738,
    90.05667053572725,
    92.1915896083769,
    93.97406238170117,
    95.3611419526817,
    96.43051725503342,
    97.36238516950067,
    98.10823173874539,
    98.82317387510494,
    99.1763589175752,
    99.4490346879999,
    99.63387650611807,
    99.74670069059947,
    99.84116395172242
  ],
  "benzecri_n_dims": 30,
  "clean_data": {
    "total_categories_J": 51,
    "total_inertia": 6.28571428571424,
    "eigenvalues": [
      0.5009496291793841,
      0.3821906764850992,
      0.320996260497377,
      0.2738290159847456,
      0.26299227144637755,
      0.24053750717709063,
      0.2356300967932773,
      0.21713163976650796,
      0.20756358504894007,
      0.1967585559469914,
      0.18436115365817407,
      0.1789900081035589,
      0.16990829553551848,
      0.16252596596090435,
      0.15361628346304984,
      0.14869912256166487,
      0.14262944176871578,
      0.13983720743920894,
      0.13514688174318623,
      0.13236038382105023
    ],
    "explained_inertia_pct": [
      7.969653191490259,
      6.080306216808441,
      5.106758689731035,
      4.3563707088482575,
      4.183967954828764,
      3.82673306872647,
      3.7486606308021657,
      3.454366996285379,
      3.302147943960434,
      3.1302497537021585,
      2.9330183536527907,
      2.8475683107384575,
      2.703086519883268,
      2.5856403675598605,
      2.443895418730356,
      2.3656678589355944,
      2.2691047554114037,
      2.2246828456237946,
      2.150064027732524,
      2.105733378971269
    ],
    "cumulative_inertia_pct": [
      7.969653191490259,
      14.049959408298701,
      19.156718098029735,
      23.51308880687799,
      27.697056761706754,
      31.523789830433223,
      35.27245046123539,
      38.72681745752077,
      42.0289654014812,
      45.15921515518336,
      48.09223350883615,
      50.93980181957461,
      53.64288833945788,
      56.228528707017745,
      58.6724241257481,
      61.038091984683696,
      63.3071967400951,
      65.5318795857189,
      67.68194361345142,
      69.78767699242269
    ],
    "recommended_dimensions": 2
  }
}