{
  "n_analyzed": 13060,
  "n_dropped": 0,
  "n_components_computed": 30,
  "total_categories": 88,
  "n_variables": 7,
  "eigenvalues": [
    0.5975594700419479,
    0.5099884173284752,
    0.44310855418956846,
    0.39335527455877056,
    0.3340699675399033,
    0.3052906199608535,
    0.28728243671825443,
    0.2830546534187018,
    0.26191205765464953,
    0.25164190649180684,
    0.23882091430800936,
    0.22711718943303308,
    0.2215134946597213,
    0.2132261410447927,
    0.21175283489728744,
    0.1912808206761133,
    0.18540521573576318,
    0.1778884817110018,
    0.17022606672623247,
    0.16790024283206204,
    0.16403270081153565,
    0.15748554169011722,
    0.15695817253056615,
    0.15274240017185042,
    0.15032009766550997,
    0.14801671804673844,
    0.14602477876943765,
    0.14432130015637046,
    0.14390177120525688,
    0.1428836619819318
  ],
  "explained_inertia_pct": [
    8.323619623226193,
    7.103811103178359,
    6.17221756457607,
    5.479186334352745,
    4.653380084747845,
    4.252502257080231,
    4.001659830624789,
    3.9427695246399566,
    3.648266744899472,
    3.5052101354099836,
    3.3266219488269897,
    3.1635965782687183,
    3.0855407091609393,
    2.9701031960227207,
    2.949580987648157,
    2.6644189781056276,
    2.582575575010719,
    2.4778722978177665,
    2.3711397784183985,
    2.3387425453792727,
    2.2848701690391477,
    2.193672447520991,
    2.18632653384178,
    2.1276035325485405,
    2.0938624144071944,
    2.0617778157090934,
    2.0340313809389237,
    2.0103030179519283,
    2.0044592491137316,
    1.9902776415337171
  ],
  "cumulative_inertia_pct": [
    8.323619623226193,
    15.427430726404552,
    21.59964829098062,
    27.078834625333364,
    31.73221471008121,
    35.98471696716144,
    39.98637679778623,
    43.929146322426185,
    47.57741306732566,
    51.08262320273564,
    54.40924515156263,
    57.572841729831346,
    60.658382438992284,
    63.628485635015004,
    66.57806662266316,
    69.24248560076879,
    71.82506117577951,
    74.30293347359728,
    76.67407325201567,
    79.01281579739495,
    81.2976859664341,
    83.4913584139551,
    85.67768494779688,
    87.80528848034541,
    89.89915089475261,
    91.9609287104617,
    93.99496009140063,
    96.00526310935255,
    98.00972235846629,
    100.00000000000001
  ],
  "total_inertia": 7.179081902956263,
  "mca_columns": [
    "before_state",
    "trigger_type",
    "action_type",
    "after_state",
    "pattern_type",
    "outcome",
    "scale"
  ],
  "recommended_dimensions": 10
}