{
  "n_analyzed": 13060,
  "n_dropped": 0,
  "n_components_computed": 20,
  "eigenvalues": [
    0.5975594700418941,
    0.5099884173277018,
    0.4431085541651986,
    0.3933552745722957,
    0.3340699642402419,
    0.305290528493342,
    0.2872823935861663,
    0.28305461198263393,
    0.26191160460918284,
    0.25164150306663036,
    0.2388204903629021,
    0.22711066918214393,
    0.22150372260977866,
    0.2132225483764846,
    0.21170755720339227,
    0.19117124961442514,
    0.1849574391134993,
    0.1763265057945046,
    0.1701313316391122,
    0.16746340508467994
  ],
  "explained_inertia_pct": [
    10.539567679685417,
    8.995016746875631,
    7.815410566155437,
    6.937877728262418,
    5.8922219032245735,
    5.384619185763926,
    5.066997315214746,
    4.9924290210460756,
    4.619515247043042,
    4.438374397116616,
    4.2122413712211735,
    4.005707195061331,
    3.9068136190433975,
    3.7607528490702427,
    3.7340319069658303,
    3.371818914659672,
    3.262221661822802,
    3.109991950112235,
    3.0007233993291336,
    2.9536673423263093
  ],
  "cumulative_inertia_pct": [
    10.539567679685417,
    19.534584426561047,
    27.349994992716482,
    34.287872720978896,
    40.18009462420347,
    45.564713809967394,
    50.631711125182136,
    55.624140146228214,
    60.243655393271254,
    64.68202979038787,
    68.89427116160904,
    72.89997835667037,
    76.80679197571376,
    80.56754482478401,
    84.30157673174983,
    87.6733956464095,
    90.93561730823231,
    94.04560925834454,
    97.04633265767367,
    99.99999999999999
  ],
  "total_inertia": 5.66967724106621,
  "mca_columns": [
    "before_state",
    "trigger_type",
    "action_type",
    "after_state",
    "pattern_type",
    "outcome",
    "scale"
  ],
  "recommended_dimensions": 16
}